{"lints":[{"severity":1,"value":"app\\app.js::2: Expected rejection to be handled."},{"severity":1,"value":"app\\app.js::11: refrain from simply logging errors."},{"severity":1,"value":"app\\index.js::13: 'client' declared and assigned in different scopes. Possible asynchronous race condition."},{"severity":1,"value":"app\\index.js::35: 'iparams' declared and assigned in different scopes. Possible asynchronous race condition."},{"severity":1,"value":"app\\index.js::47: 'callermail' declared and assigned in different scopes. Possible asynchronous race condition."},{"severity":1,"value":"app\\index.js::67: 'freshdeskcontactId' declared and assigned in different scopes. Possible asynchronous race condition."},{"severity":1,"value":"app\\index.js::79: 'accessToken' declared and assigned in different scopes. Possible asynchronous race condition."},{"severity":1,"value":"app\\index.js::80: 'eposAccessToken' declared and assigned in different scopes. Possible asynchronous race condition."},{"severity":1,"value":"app\\index.js::103: 'contactDetails' declared and assigned in different scopes. Possible asynchronous race condition."},{"severity":1,"value":"app\\index.js::257: 'contactId' declared and assigned in different scopes. Possible asynchronous race condition."},{"severity":1,"value":"app\\index.js::259: 'indexContactHtml' declared and assigned in different scopes. Possible asynchronous race condition."},{"severity":1,"value":"app\\index.js::260: 'indexContactHtml' declared and assigned in different scopes. Possible asynchronous race condition."},{"severity":1,"value":"app\\index.js::263: 'indexContactHtml' declared and assigned in different scopes. Possible asynchronous race condition."},{"severity":1,"value":"app\\index.js::264: 'indexContactHtml' declared and assigned in different scopes. Possible asynchronous race condition."},{"severity":1,"value":"app\\index.js::265: 'indexContactHtml' declared and assigned in different scopes. Possible asynchronous race condition."},{"severity":1,"value":"app\\index.js::269: 'indexContactHtml' declared and assigned in different scopes. Possible asynchronous race condition."},{"severity":1,"value":"app\\index.js::270: 'indexContactHtml' declared and assigned in different scopes. Possible asynchronous race condition."},{"severity":1,"value":"app\\index.js::271: 'indexContactHtml' declared and assigned in different scopes. Possible asynchronous race condition."},{"severity":1,"value":"app\\index.js::274: 'replacedKey' declared and assigned in different scopes. Possible asynchronous race condition."},{"severity":1,"value":"app\\index.js::275: 'keyLabel' declared and assigned in different scopes. Possible asynchronous race condition."},{"severity":1,"value":"app\\index.js::277: 'indexContactHtml' declared and assigned in different scopes. Possible asynchronous race condition."},{"severity":1,"value":"app\\index.js::278: 'indexContactHtml' declared and assigned in different scopes. Possible asynchronous race condition."},{"severity":1,"value":"app\\index.js::279: 'indexContactHtml' declared and assigned in different scopes. Possible asynchronous race condition."},{"severity":1,"value":"app\\index.js::280: 'indexContactHtml' declared and assigned in different scopes. Possible asynchronous race condition."},{"severity":1,"value":"app\\index.js::281: 'indexContactHtml' declared and assigned in different scopes. Possible asynchronous race condition."},{"severity":1,"value":"app\\index.js::286: 'indexContactHtml' declared and assigned in different scopes. Possible asynchronous race condition."},{"severity":1,"value":"app\\index.js::287: 'indexContactHtml' declared and assigned in different scopes. Possible asynchronous race condition."},{"severity":1,"value":"app\\index.js::288: 'indexContactHtml' declared and assigned in different scopes. Possible asynchronous race condition."},{"severity":1,"value":"app\\index.js::289: 'indexContactHtml' declared and assigned in different scopes. Possible asynchronous race condition."},{"severity":1,"value":"app\\index.js::290: 'indexContactHtml' declared and assigned in different scopes. Possible asynchronous race condition."},{"severity":1,"value":"app\\index.js::400: 'eposContactId' declared and assigned in different scopes. Possible asynchronous race condition."},{"severity":1,"value":"app\\index.js::401: 'contactHtml' declared and assigned in different scopes. Possible asynchronous race condition."},{"severity":1,"value":"app\\index.js::402: 'contactHtml' declared and assigned in different scopes. Possible asynchronous race condition."},{"severity":1,"value":"app\\index.js::403: 'contactHtml' declared and assigned in different scopes. Possible asynchronous race condition."},{"severity":1,"value":"app\\index.js::404: 'contactHtml' declared and assigned in different scopes. Possible asynchronous race condition."},{"severity":1,"value":"app\\index.js::405: 'contactHtml' declared and assigned in different scopes. Possible asynchronous race condition."},{"severity":1,"value":"app\\index.js::407: 'contactHtml' declared and assigned in different scopes. Possible asynchronous race condition."},{"severity":1,"value":"app\\index.js::408: 'contactHtml' declared and assigned in different scopes. Possible asynchronous race condition."},{"severity":1,"value":"app\\index.js::409: 'contactHtml' declared and assigned in different scopes. Possible asynchronous race condition."},{"severity":1,"value":"app\\index.js::412: 'replacedKey' declared and assigned in different scopes. Possible asynchronous race condition."},{"severity":1,"value":"app\\index.js::413: 'keyLabel' declared and assigned in different scopes. Possible asynchronous race condition."},{"severity":1,"value":"app\\index.js::415: 'contactHtml' declared and assigned in different scopes. Possible asynchronous race condition."},{"severity":1,"value":"app\\index.js::416: 'contactHtml' declared and assigned in different scopes. Possible asynchronous race condition."},{"severity":1,"value":"app\\index.js::417: 'contactHtml' declared and assigned in different scopes. Possible asynchronous race condition."},{"severity":1,"value":"app\\index.js::418: 'contactHtml' declared and assigned in different scopes. Possible asynchronous race condition."},{"severity":1,"value":"app\\index.js::419: 'contactHtml' declared and assigned in different scopes. Possible asynchronous race condition."},{"severity":1,"value":"app\\index.js::423: 'contactHtml' declared and assigned in different scopes. Possible asynchronous race condition."},{"severity":1,"value":"app\\index.js::424: 'contactHtml' declared and assigned in different scopes. Possible asynchronous race condition."},{"severity":1,"value":"app\\index.js::425: 'contactHtml' declared and assigned in different scopes. Possible asynchronous race condition."},{"severity":1,"value":"app\\index.js::426: 'contactHtml' declared and assigned in different scopes. Possible asynchronous race condition."},{"severity":1,"value":"app\\index.js::427: 'contactHtml' declared and assigned in different scopes. Possible asynchronous race condition."},{"severity":1,"value":"app\\index.js::574: 'orderId' declared and assigned in different scopes. Possible asynchronous race condition."},{"severity":1,"value":"app\\index.js::576: 'orderHtml' declared and assigned in different scopes. Possible asynchronous race condition."},{"severity":1,"value":"app\\index.js::577: 'orderHtml' declared and assigned in different scopes. Possible asynchronous race condition."},{"severity":1,"value":"app\\index.js::578: 'orderHtml' declared and assigned in different scopes. Possible asynchronous race condition."},{"severity":1,"value":"app\\index.js::579: 'orderHtml' declared and assigned in different scopes. Possible asynchronous race condition."},{"severity":1,"value":"app\\index.js::580: 'orderHtml' declared and assigned in different scopes. Possible asynchronous race condition."},{"severity":1,"value":"app\\index.js::582: 'orderHtml' declared and assigned in different scopes. Possible asynchronous race condition."},{"severity":1,"value":"app\\index.js::583: 'orderHtml' declared and assigned in different scopes. Possible asynchronous race condition."},{"severity":1,"value":"app\\index.js::584: 'orderHtml' declared and assigned in different scopes. Possible asynchronous race condition."},{"severity":1,"value":"app\\index.js::585: 'orderHtml' declared and assigned in different scopes. Possible asynchronous race condition."},{"severity":1,"value":"app\\index.js::586: 'orderHtml' declared and assigned in different scopes. Possible asynchronous race condition."},{"severity":1,"value":"app\\index.js::797: 'contactLink' declared and assigned in different scopes. Possible asynchronous race condition."}]}